{
  "employees": [
    {
      "id": 1,
      "Name": "Liam",
      "Gender": "Male",
      "Phone": "4844731769",
      "Email": "liam@gmail.com",
      "createdAt": "2021-09-22T16:21:47.760Z",
      "updatedAt": "2021-09-23T12:13:07.651Z"
    },
    {
      "id": 2,
      "Name": "Noah",
      "Gender": "Male",
      "Phone": "4844731770",
      "Email": "noah@gmail.com",
      "createdAt": "2021-09-22T16:21:47.760Z",
      "updatedAt": "2021-09-23T12:13:07.651Z"
    },
    {
      "id": 3,
      "Name": "Charlotte",
      "Gender": "Female",
      "Phone": "4844731771",
      "Email": "charlotte@gmail.com",
      "createdAt": "2021-09-22T16:21:47.760Z",
      "updatedAt": "2021-09-23T12:13:07.651Z"
    },
    {
      "id": 4,
      "Name": "Elijah",
      "Gender": "Male",
      "Phone": "4844731772",
      "Email": "elijah@gmail.com",
      "createdAt": "2021-09-22T16:21:47.760Z",
      "updatedAt": "2021-09-23T12:13:07.651Z"
    },
    {
      "id": 5,
      "Name": "Mary",
      "Gender": "Female",
      "Phone": "4844731773",
      "Email": "mary@gmail.com",
      "createdAt": "2021-09-22T16:21:47.760Z",
      "updatedAt": "2021-09-23T12:13:07.651Z"
    },
    {
      "id": 6,
      "Name": "William",
      "Gender": "Male",
      "Phone": "4844731774",
      "Email": "william@gmail.com",
      "createdAt": "2021-09-22T16:21:47.760Z",
      "updatedAt": "2021-09-23T12:13:07.651Z"
    },
    {
      "id": 7,
      "Name": "Linda",
      "Gender": "Female",
      "Phone": "4844731775",
      "Email": "linda@gmail.com",
      "createdAt": "2021-09-22T16:21:47.760Z",
      "updatedAt": "2021-09-23T12:13:07.651Z"
    },
    {
      "id": 8,
      "Name": "Benjamin",
      "Gender": "Male",
      "Phone": "4844731776",
      "Email": "benjamin@gmail.com",
      "createdAt": "2021-09-22T16:21:47.760Z",
      "updatedAt": "2021-09-23T12:13:07.651Z"
    },
    {
      "id": 9,
      "Name": "Emily",
      "Gender": "Female",
      "Phone": "4844731778",
      "Email": "emily@gmail.com",
      "createdAt": "2021-09-22T16:21:47.760Z",
      "updatedAt": "2021-09-23T12:13:07.651Z"
    },
    {
      "id": 10,
      "Name": "William2",
      "Gender": "Male",
      "Phone": "4844731779",
      "Email": "william2@gmail.com",
      "createdAt": "2021-09-22T16:21:47.760Z",
      "updatedAt": "2021-09-23T12:13:07.651Z"
    },
    {
      "id": 12,
      "Name": "Richard",
      "Gender": "Male",
      "Phone": "4844731780",
      "Email": "richard@gmail.com",
      "createdAt": "2021-09-22T16:21:47.760Z",
      "updatedAt": "2021-09-23T12:13:07.651Z"
    },
    {
      "id": 13,
      "Name": "Sophie",
      "Gender": "Female",
      "Phone": "4844731781",
      "Email": "sophie@gmail.com",
      "createdAt": "2021-09-22T16:21:47.760Z",
      "updatedAt": "2021-09-23T12:13:07.651Z"
    },
    {
      "id": 14,
      "Name": "Thomas",
      "Gender": "Male",
      "Phone": "4844731782",
      "Email": "thomas@gmail.com",
      "createdAt": "2021-09-22T16:21:47.760Z",
      "updatedAt": "2021-09-23T12:13:07.651Z"
    },
    {
      "id": 15,
      "Name": "Lucas",
      "Gender": "Male",
      "Phone": "4844731783",
      "Email": "lucas@email.com",
      "createdAt": "2021-09-22T16:21:47.760Z",
      "updatedAt": "2021-09-23T12:13:07.651Z"
    },
    {
      "Name": "jack",
      "Gender": "Male",
      "Phone": "7348909914",
      "Email": "Jack@jack.com",
      "id": 16
    }
  ]
}